{"cameraMode":{"drawMode":0,"name":"Shaded","section":"Shading Mode"},"sceneLighting":true,"audioPlay":false,"sceneViewState":{"m_AlwaysRefresh":false,"showFog":true,"showSkybox":true,"showFlares":true,"showImageEffects":true,"showParticleSystems":true,"showVisualEffectGraphs":true,"m_FxEnabled":true},"in2DMode":false,"pivot":{"x":6.119482040405273,"y":0.16591477394104005,"z":-0.8500002026557922},"rotation":{"x":0.0039997403509914879,"y":-0.012397659942507744,"z":0.000049585865781409666,"w":0.9999173879623413},"size":0.46936145424842837,"orthographic":false}