{"cameraMode":{"drawMode":0,"name":"Shaded","section":"Shading Mode"},"sceneLighting":true,"audioPlay":false,"sceneViewState":{"m_AlwaysRefresh":false,"showFog":true,"showSkybox":true,"showFlares":true,"showImageEffects":true,"showParticleSystems":true,"showVisualEffectGraphs":true,"m_FxEnabled":true},"in2DMode":false,"pivot":{"x":9.62116527557373,"y":3.9366328716278078,"z":-4.5196428298950199},"rotation":{"x":0.01199939101934433,"y":-0.007999441586434842,"z":0.00009599007171345875,"w":0.999906063079834},"size":1.3433855772018433,"orthographic":false}