{"cameraMode":{"drawMode":0,"name":"Shaded","section":"Shading Mode"},"sceneLighting":true,"audioPlay":false,"sceneViewState":{"m_AlwaysRefresh":false,"showFog":true,"showSkybox":true,"showFlares":true,"showImageEffects":true,"showParticleSystems":true,"showVisualEffectGraphs":true,"m_FxEnabled":true},"in2DMode":false,"pivot":{"x":9.543169021606446,"y":3.037281036376953,"z":-2.276360034942627},"rotation":{"x":0.16614562273025514,"y":-0.11117289215326309,"z":0.018854865804314615,"w":0.9796399474143982},"size":2.348557710647583,"orthographic":false}