{"cameraMode":{"drawMode":0,"name":"Shaded","section":"Shading Mode"},"sceneLighting":true,"audioPlay":false,"sceneViewState":{"m_AlwaysRefresh":false,"showFog":true,"showSkybox":true,"showFlares":true,"showImageEffects":true,"showParticleSystems":true,"showVisualEffectGraphs":true,"m_FxEnabled":true},"in2DMode":false,"pivot":{"x":11.869999885559082,"y":2.945960521697998,"z":-1.159999966621399},"rotation":{"x":0.0039997403509914879,"y":-0.012397659942507744,"z":0.000049585865781409666,"w":0.9999173879623413},"size":1.8354049921035767,"orthographic":false}